Pertanyaan,Jawaban
Kenapa aku sering ngerasa nggak cukup baik buat orang lain?,"Kadang, standar yang kita buat terlalu tinggi. Coba ingat hal-hal baik yang sudah kamu lakukan."
Apa yang harus aku lakukan kalau aku merasa kosong?,Coba isi hari dengan hal-hal yang kamu sukai atau ngobrol dengan seseorang yang kamu percaya.
Gimana cara ngontrol emosi biar nggak meledak?,"Tarik napas dalam-dalam, hitung sampai sepuluh, dan coba fokus pada solusi daripada marah."
Pernah nggak kamu merasa capek banget sama hidup?,"Pernah, tapi aku ingat kalau istirahat itu penting. Kamu juga butuh waktu untuk dirimu sendiri."
"Kalau aku lagi nggak mood, aku harus gimana ya?","Coba lakukan hal-hal kecil yang bikin kamu senang, seperti dengerin musik atau nonton film favorit."
Kenapa ya aku susah percaya sama orang baru?,"Mungkin kamu pernah dikecewakan. Pelan-pelan aja, kepercayaan itu dibangun seiring waktu."
Gimana caranya tahu kalau dia beneran tulus sama aku?,"Lihat dari tindakannya, bukan hanya kata-katanya. Tindakan biasanya nggak bohong."
Apa aku terlalu bergantung sama pasangan?,"Kalau kamu merasa nggak nyaman tanpa dia, mungkin kamu butuh lebih banyak waktu untuk dirimu sendiri."
"Kalau pasangan mulai berubah, aku harus gimana?",Coba tanyakan baik-baik apa yang sedang dia rasakan. Komunikasi adalah kuncinya.
Pernah nggak ngerasa lebih nyaman sama teman daripada pasangan?,"Kadang itu terjadi, tapi penting untuk menjaga keseimbangan antara hubungan dan persahabatan."
Apa yang harus aku lakukan kalau ngerasa stuck di pekerjaan?,Coba cari hal baru yang bisa kamu pelajari atau bicarakan dengan atasanmu tentang opsi pengembangan.
Gimana cara menghadapi orang yang toxic?,Jaga jarak dan fokus pada kesehatan mentalmu. Nggak apa-apa untuk memilih lingkungan yang lebih baik.
"Kalau aku terus gagal, apakah itu artinya aku nggak berbakat?","Gagal itu bagian dari proses belajar. Terus coba, dan kamu akan menemukan caranya."
Aku sering merasa kesepian di tengah keramaian. Kenapa ya?,Mungkin hatimu sedang butuh koneksi yang lebih dalam. Coba cari teman yang benar-benar mengerti kamu.
Apa aku harus menyerah kalau semuanya terasa sulit?,Jangan menyerah. Kadang kesulitan adalah tanda kamu sedang tumbuh.
Kenapa ya aku nggak bisa berhenti mikirin kesalahan masa lalu?,"Masa lalu memang sulit dilupakan, tapi jadikan itu pelajaran, bukan beban."
Aku sering merasa bersalah sama orang yang sudah pergi. Apa yang harus aku lakukan?,Coba maafkan dirimu sendiri. Mereka pasti ingin kamu melanjutkan hidup dengan bahagia.
"Kalau aku nggak bisa memaafkan diri sendiri, apa aku masih bisa bahagia?","Kebahagiaan dimulai dengan menerima diri sendiri. Pelan-pelan, maafkan dirimu, ya."
Apa aku harus minta maaf meskipun aku nggak salah?,"Kadang meminta maaf bisa meredakan konflik, tapi pastikan itu nggak mengorbankan harga dirimu."
Kenapa ya aku merasa hidupku nggak berubah dari dulu?,Mungkin kamu perlu mencoba hal baru atau keluar dari zona nyamanmu.
Aku takut menghadapi masa depan. Kenapa ya?,Ketakutan itu wajar. Coba fokus ke langkah kecil yang bisa kamu lakukan hari ini.
Apa yang harus aku lakukan kalau nggak tahu mau jadi apa di masa depan?,"Mulai dari eksplorasi minat dan bakatmu. Coba hal baru, siapa tahu kamu menemukan tujuanmu."
Gimana caranya bikin rencana hidup yang realistis?,"Buat tujuan kecil yang bisa dicapai, lalu tingkatkan secara bertahap."
"Kalau aku gagal mencapai cita-citaku, apa aku harus cari cita-cita baru?",Kadang perubahan itu baik. Coba pikirkan apa yang benar-benar kamu inginkan sekarang.
Kenapa aku sering ragu dengan pilihan yang aku buat?,Mungkin kamu terlalu keras pada dirimu sendiri. Percaya pada keputusanmu dan belajar dari hasilnya.
Apa yang harus aku lakukan kalau hari-hariku terasa membosankan?,Coba tambahkan aktivitas baru atau cari hobi yang menyenangkan.
Aku sering lupa waktu. Gimana cara ngatur jadwal yang baik?,Gunakan planner atau aplikasi pengingat. Mulai dari jadwal kecil dulu.
Kenapa ya aku nggak pernah merasa puas dengan apa yang aku punya?,Kadang rasa syukur itu butuh latihan. Coba ingat hal-hal kecil yang bikin kamu bahagia.
Gimana caranya supaya aku lebih produktif setiap hari?,Buat daftar prioritas dan kerjakan tugas satu per satu.
Kenapa aku sulit tidur kalau terlalu banyak pikiran?,Coba tulis semua yang kamu pikirkan di buku sebelum tidur. Itu bisa bantu pikiranmu lebih tenang.
Kenapa aku sering ngerasa nggak cukup baik buat orang lain?,"Kadang, standar yang kita buat terlalu tinggi. Coba ingat hal-hal baik yang sudah kamu lakukan."
Apa yang harus aku lakukan kalau aku merasa kosong?,Coba isi hari dengan hal-hal yang kamu sukai atau ngobrol dengan seseorang yang kamu percaya.
Gimana cara ngontrol emosi biar nggak meledak?,"Tarik napas dalam-dalam, hitung sampai sepuluh, dan coba fokus pada solusi daripada marah."
Pernah nggak kamu merasa capek banget sama hidup?,"Pernah, tapi aku ingat kalau istirahat itu penting. Kamu juga butuh waktu untuk dirimu sendiri."
"Kalau aku lagi nggak mood, aku harus gimana ya?","Coba lakukan hal-hal kecil yang bikin kamu senang, seperti dengerin musik atau nonton film favorit."
Kenapa ya aku susah percaya sama orang baru?,"Mungkin kamu pernah dikecewakan. Pelan-pelan aja, kepercayaan itu dibangun seiring waktu."
Gimana caranya tahu kalau dia beneran tulus sama aku?,"Lihat dari tindakannya, bukan hanya kata-katanya. Tindakan biasanya nggak bohong."
Apa aku terlalu bergantung sama pasangan?,"Kalau kamu merasa nggak nyaman tanpa dia, mungkin kamu butuh lebih banyak waktu untuk dirimu sendiri."
"Kalau pasangan mulai berubah, aku harus gimana?",Coba tanyakan baik-baik apa yang sedang dia rasakan. Komunikasi adalah kuncinya.
Pernah nggak ngerasa lebih nyaman sama teman daripada pasangan?,"Kadang itu terjadi, tapi penting untuk menjaga keseimbangan antara hubungan dan persahabatan."
Apa yang harus aku lakukan kalau ngerasa stuck di pekerjaan?,Coba cari hal baru yang bisa kamu pelajari atau bicarakan dengan atasanmu tentang opsi pengembangan.
Gimana cara menghadapi orang yang toxic?,Jaga jarak dan fokus pada kesehatan mentalmu. Nggak apa-apa untuk memilih lingkungan yang lebih baik.
"Kalau aku terus gagal, apakah itu artinya aku nggak berbakat?","Gagal itu bagian dari proses belajar. Terus coba, dan kamu akan menemukan caranya."
Aku sering merasa kesepian di tengah keramaian. Kenapa ya?,Mungkin hatimu sedang butuh koneksi yang lebih dalam. Coba cari teman yang benar-benar mengerti kamu.
Apa aku harus menyerah kalau semuanya terasa sulit?,Jangan menyerah. Kadang kesulitan adalah tanda kamu sedang tumbuh.
Kenapa ya aku nggak bisa berhenti mikirin kesalahan masa lalu?,"Masa lalu memang sulit dilupakan, tapi jadikan itu pelajaran, bukan beban."
Aku sering merasa bersalah sama orang yang sudah pergi. Apa yang harus aku lakukan?,Coba maafkan dirimu sendiri. Mereka pasti ingin kamu melanjutkan hidup dengan bahagia.
"Kalau aku nggak bisa memaafkan diri sendiri, apa aku masih bisa bahagia?","Kebahagiaan dimulai dengan menerima diri sendiri. Pelan-pelan, maafkan dirimu, ya."
Apa aku harus minta maaf meskipun aku nggak salah?,"Kadang meminta maaf bisa meredakan konflik, tapi pastikan itu nggak mengorbankan harga dirimu."
Kenapa ya aku merasa hidupku nggak berubah dari dulu?,Mungkin kamu perlu mencoba hal baru atau keluar dari zona nyamanmu.
Aku takut menghadapi masa depan. Kenapa ya?,Ketakutan itu wajar. Coba fokus ke langkah kecil yang bisa kamu lakukan hari ini.
Apa yang harus aku lakukan kalau nggak tahu mau jadi apa di masa depan?,"Mulai dari eksplorasi minat dan bakatmu. Coba hal baru, siapa tahu kamu menemukan tujuanmu."
Gimana caranya bikin rencana hidup yang realistis?,"Buat tujuan kecil yang bisa dicapai, lalu tingkatkan secara bertahap."
"Kalau aku gagal mencapai cita-citaku, apa aku harus cari cita-cita baru?",Kadang perubahan itu baik. Coba pikirkan apa yang benar-benar kamu inginkan sekarang.
Kenapa aku sering ragu dengan pilihan yang aku buat?,Mungkin kamu terlalu keras pada dirimu sendiri. Percaya pada keputusanmu dan belajar dari hasilnya.
Apa yang harus aku lakukan kalau hari-hariku terasa membosankan?,Coba tambahkan aktivitas baru atau cari hobi yang menyenangkan.
Aku sering lupa waktu. Gimana cara ngatur jadwal yang baik?,Gunakan planner atau aplikasi pengingat. Mulai dari jadwal kecil dulu.
Kenapa ya aku nggak pernah merasa puas dengan apa yang aku punya?,Kadang rasa syukur itu butuh latihan. Coba ingat hal-hal kecil yang bikin kamu bahagia.
Gimana caranya supaya aku lebih produktif setiap hari?,Buat daftar prioritas dan kerjakan tugas satu per satu.
Kenapa aku sulit tidur kalau terlalu banyak pikiran?,Coba tulis semua yang kamu pikirkan di buku sebelum tidur. Itu bisa bantu pikiranmu lebih tenang.
Kenapa aku sering ngerasa nggak cukup baik buat orang lain?,"Kadang, standar yang kita buat terlalu tinggi. Coba ingat hal-hal baik yang sudah kamu lakukan."
Apa yang harus aku lakukan kalau aku merasa kosong?,Coba isi hari dengan hal-hal yang kamu sukai atau ngobrol dengan seseorang yang kamu percaya.
Gimana cara ngontrol emosi biar nggak meledak?,"Tarik napas dalam-dalam, hitung sampai sepuluh, dan coba fokus pada solusi daripada marah."
Pernah nggak kamu merasa capek banget sama hidup?,"Pernah, tapi aku ingat kalau istirahat itu penting. Kamu juga butuh waktu untuk dirimu sendiri."
"Kalau aku lagi nggak mood, aku harus gimana ya?","Coba lakukan hal-hal kecil yang bikin kamu senang, seperti dengerin musik atau nonton film favorit."
Kenapa ya aku susah percaya sama orang baru?,"Mungkin kamu pernah dikecewakan. Pelan-pelan aja, kepercayaan itu dibangun seiring waktu."
Gimana caranya tahu kalau dia beneran tulus sama aku?,"Lihat dari tindakannya, bukan hanya kata-katanya. Tindakan biasanya nggak bohong."
Apa aku terlalu bergantung sama pasangan?,"Kalau kamu merasa nggak nyaman tanpa dia, mungkin kamu butuh lebih banyak waktu untuk dirimu sendiri."
"Kalau pasangan mulai berubah, aku harus gimana?",Coba tanyakan baik-baik apa yang sedang dia rasakan. Komunikasi adalah kuncinya.
Pernah nggak ngerasa lebih nyaman sama teman daripada pasangan?,"Kadang itu terjadi, tapi penting untuk menjaga keseimbangan antara hubungan dan persahabatan."
Apa yang harus aku lakukan kalau ngerasa stuck di pekerjaan?,Coba cari hal baru yang bisa kamu pelajari atau bicarakan dengan atasanmu tentang opsi pengembangan.
Gimana cara menghadapi orang yang toxic?,Jaga jarak dan fokus pada kesehatan mentalmu. Nggak apa-apa untuk memilih lingkungan yang lebih baik.
"Kalau aku terus gagal, apakah itu artinya aku nggak berbakat?","Gagal itu bagian dari proses belajar. Terus coba, dan kamu akan menemukan caranya."
Aku sering merasa kesepian di tengah keramaian. Kenapa ya?,Mungkin hatimu sedang butuh koneksi yang lebih dalam. Coba cari teman yang benar-benar mengerti kamu.
Apa aku harus menyerah kalau semuanya terasa sulit?,Jangan menyerah. Kadang kesulitan adalah tanda kamu sedang tumbuh.
Kenapa ya aku nggak bisa berhenti mikirin kesalahan masa lalu?,"Masa lalu memang sulit dilupakan, tapi jadikan itu pelajaran, bukan beban."
Aku sering merasa bersalah sama orang yang sudah pergi. Apa yang harus aku lakukan?,Coba maafkan dirimu sendiri. Mereka pasti ingin kamu melanjutkan hidup dengan bahagia.
"Kalau aku nggak bisa memaafkan diri sendiri, apa aku masih bisa bahagia?","Kebahagiaan dimulai dengan menerima diri sendiri. Pelan-pelan, maafkan dirimu, ya."
Apa aku harus minta maaf meskipun aku nggak salah?,"Kadang meminta maaf bisa meredakan konflik, tapi pastikan itu nggak mengorbankan harga dirimu."
Kenapa ya aku merasa hidupku nggak berubah dari dulu?,Mungkin kamu perlu mencoba hal baru atau keluar dari zona nyamanmu.
Aku takut menghadapi masa depan. Kenapa ya?,Ketakutan itu wajar. Coba fokus ke langkah kecil yang bisa kamu lakukan hari ini.
Apa yang harus aku lakukan kalau nggak tahu mau jadi apa di masa depan?,"Mulai dari eksplorasi minat dan bakatmu. Coba hal baru, siapa tahu kamu menemukan tujuanmu."
Gimana caranya bikin rencana hidup yang realistis?,"Buat tujuan kecil yang bisa dicapai, lalu tingkatkan secara bertahap."
"Kalau aku gagal mencapai cita-citaku, apa aku harus cari cita-cita baru?",Kadang perubahan itu baik. Coba pikirkan apa yang benar-benar kamu inginkan sekarang.
Kenapa aku sering ragu dengan pilihan yang aku buat?,Mungkin kamu terlalu keras pada dirimu sendiri. Percaya pada keputusanmu dan belajar dari hasilnya.
Apa yang harus aku lakukan kalau hari-hariku terasa membosankan?,Coba tambahkan aktivitas baru atau cari hobi yang menyenangkan.
Aku sering lupa waktu. Gimana cara ngatur jadwal yang baik?,Gunakan planner atau aplikasi pengingat. Mulai dari jadwal kecil dulu.
Kenapa ya aku nggak pernah merasa puas dengan apa yang aku punya?,Kadang rasa syukur itu butuh latihan. Coba ingat hal-hal kecil yang bikin kamu bahagia.
Gimana caranya supaya aku lebih produktif setiap hari?,Buat daftar prioritas dan kerjakan tugas satu per satu.
Kenapa aku sulit tidur kalau terlalu banyak pikiran?,Coba tulis semua yang kamu pikirkan di buku sebelum tidur. Itu bisa bantu pikiranmu lebih tenang.
Kenapa aku sering ngerasa nggak cukup baik buat orang lain?,"Kadang, standar yang kita buat terlalu tinggi. Coba ingat hal-hal baik yang sudah kamu lakukan."
Apa yang harus aku lakukan kalau aku merasa kosong?,Coba isi hari dengan hal-hal yang kamu sukai atau ngobrol dengan seseorang yang kamu percaya.
Gimana cara ngontrol emosi biar nggak meledak?,"Tarik napas dalam-dalam, hitung sampai sepuluh, dan coba fokus pada solusi daripada marah."
Pernah nggak kamu merasa capek banget sama hidup?,"Pernah, tapi aku ingat kalau istirahat itu penting. Kamu juga butuh waktu untuk dirimu sendiri."
"Kalau aku lagi nggak mood, aku harus gimana ya?","Coba lakukan hal-hal kecil yang bikin kamu senang, seperti dengerin musik atau nonton film favorit."
Kenapa ya aku susah percaya sama orang baru?,"Mungkin kamu pernah dikecewakan. Pelan-pelan aja, kepercayaan itu dibangun seiring waktu."
Gimana caranya tahu kalau dia beneran tulus sama aku?,"Lihat dari tindakannya, bukan hanya kata-katanya. Tindakan biasanya nggak bohong."
Apa aku terlalu bergantung sama pasangan?,"Kalau kamu merasa nggak nyaman tanpa dia, mungkin kamu butuh lebih banyak waktu untuk dirimu sendiri."
"Kalau pasangan mulai berubah, aku harus gimana?",Coba tanyakan baik-baik apa yang sedang dia rasakan. Komunikasi adalah kuncinya.
Pernah nggak ngerasa lebih nyaman sama teman daripada pasangan?,"Kadang itu terjadi, tapi penting untuk menjaga keseimbangan antara hubungan dan persahabatan."
Apa yang harus aku lakukan kalau ngerasa stuck di pekerjaan?,Coba cari hal baru yang bisa kamu pelajari atau bicarakan dengan atasanmu tentang opsi pengembangan.
Gimana cara menghadapi orang yang toxic?,Jaga jarak dan fokus pada kesehatan mentalmu. Nggak apa-apa untuk memilih lingkungan yang lebih baik.
"Kalau aku terus gagal, apakah itu artinya aku nggak berbakat?","Gagal itu bagian dari proses belajar. Terus coba, dan kamu akan menemukan caranya."
Aku sering merasa kesepian di tengah keramaian. Kenapa ya?,Mungkin hatimu sedang butuh koneksi yang lebih dalam. Coba cari teman yang benar-benar mengerti kamu.
Apa aku harus menyerah kalau semuanya terasa sulit?,Jangan menyerah. Kadang kesulitan adalah tanda kamu sedang tumbuh.
Kenapa ya aku nggak bisa berhenti mikirin kesalahan masa lalu?,"Masa lalu memang sulit dilupakan, tapi jadikan itu pelajaran, bukan beban."
Aku sering merasa bersalah sama orang yang sudah pergi. Apa yang harus aku lakukan?,Coba maafkan dirimu sendiri. Mereka pasti ingin kamu melanjutkan hidup dengan bahagia.
"Kalau aku nggak bisa memaafkan diri sendiri, apa aku masih bisa bahagia?","Kebahagiaan dimulai dengan menerima diri sendiri. Pelan-pelan, maafkan dirimu, ya."
Apa aku harus minta maaf meskipun aku nggak salah?,"Kadang meminta maaf bisa meredakan konflik, tapi pastikan itu nggak mengorbankan harga dirimu."
Kenapa ya aku merasa hidupku nggak berubah dari dulu?,Mungkin kamu perlu mencoba hal baru atau keluar dari zona nyamanmu.
Aku takut menghadapi masa depan. Kenapa ya?,Ketakutan itu wajar. Coba fokus ke langkah kecil yang bisa kamu lakukan hari ini.
Apa yang harus aku lakukan kalau nggak tahu mau jadi apa di masa depan?,"Mulai dari eksplorasi minat dan bakatmu. Coba hal baru, siapa tahu kamu menemukan tujuanmu."
Gimana caranya bikin rencana hidup yang realistis?,"Buat tujuan kecil yang bisa dicapai, lalu tingkatkan secara bertahap."
"Kalau aku gagal mencapai cita-citaku, apa aku harus cari cita-cita baru?",Kadang perubahan itu baik. Coba pikirkan apa yang benar-benar kamu inginkan sekarang.
Kenapa aku sering ragu dengan pilihan yang aku buat?,Mungkin kamu terlalu keras pada dirimu sendiri. Percaya pada keputusanmu dan belajar dari hasilnya.
Apa yang harus aku lakukan kalau hari-hariku terasa membosankan?,Coba tambahkan aktivitas baru atau cari hobi yang menyenangkan.
Aku sering lupa waktu. Gimana cara ngatur jadwal yang baik?,Gunakan planner atau aplikasi pengingat. Mulai dari jadwal kecil dulu.
Kenapa ya aku nggak pernah merasa puas dengan apa yang aku punya?,Kadang rasa syukur itu butuh latihan. Coba ingat hal-hal kecil yang bikin kamu bahagia.
Gimana caranya supaya aku lebih produktif setiap hari?,Buat daftar prioritas dan kerjakan tugas satu per satu.
Kenapa aku sulit tidur kalau terlalu banyak pikiran?,Coba tulis semua yang kamu pikirkan di buku sebelum tidur. Itu bisa bantu pikiranmu lebih tenang.
